[
  {
    "address": "0x1da9f40036bee3fda37ddd9bff624e1125d8991d",
    "name": "Pharos Octopus Badge"
  },
  {
    "address": "0x7fB63bFD3Ef701544BF805e88CB9D2Efaa3C01A9",
    "name": "FaroSwap Captain Dolphin"
  },
  {
    "address": "0x2a469A4073480596b9deB19f52aA89891CcFF5ce",
    "name": "FaroSwap Baby Dolphin"
  },
  {
    "address": "0xe71188DF7be6321ffd5aaA6e52e6c96375E62793",
    "name": "Zentra Octopus Badge"
  },
  {
    "address": "0xb2ac4f09735007562c513ebbe152a8d7fa682bef",
    "name": "Gotchipus Testnet Badge"
  },
  {
    "address": "0x96381ed3fcfb385cbacfe6908159f0905b19767a",
    "name": "Spout Testnet Badge"
  },
  {
    "address": "0x0D00314d006e70cA08ac37C3469b4bF958A7580B",
    "name": "AutoStaking Testnet Badge"
  },
  {
    "address": "0x4af366c7269DC9a0335Bd055Af979729c20e0F5F",
    "name": "PNS Testnet Badge"
  },
  {
    "address": "0x9979b7fedf761c2989642f63ba6ed580dbdfc46f",
    "name": "Brokex Testnet Badge"
  },
  {
    "address": "0x822483f6cf39b7dad66fec5f4feecbfd72172626",
    "name": "OpenFi Testnet Badge"
  },
  {
    "address": "0xc188e0ad7e39ccd3bdfdc5572e06e5ac08f1a847",
    "name": "MoveFlow Testnet Badge"
   },
   {
    "address": "0xf4535d0781d973a26b48c617410419ec66b2af1c",
    "name": "Zenith Testnet Badge"
  }
]